{
  "BSR": {
    "rmse": 1.4833001634477552,
    "mape": 4.5236645903247
  },
  "CMC": {
    "rmse": 0.6623391036448992,
    "mape": 6.7992923951801165
  },
  "ELC": {
    "rmse": 0.7127395291159195,
    "mape": 2.7203240113379703
  },
  "FPT": {
    "rmse": 2.7251060737367494,
    "mape": 2.0029455998988834
  },
  "GAS": {
    "rmse": 1.7164425338153204,
    "mape": 2.5603054034835466
  },
  "ITC": {
    "rmse": 0.931172085794701,
    "mape": 4.718324629506902
  },
  "OIL": {
    "rmse": 0.5984669833168664,
    "mape": 4.757437437346502
  },
  "PLX": {
    "rmse": 1.1543826203740077,
    "mape": 3.0037138541277297
  },
  "PVG": {
    "rmse": 0.3414823048753595,
    "mape": 4.766027299112014
  },
  "SGT": {
    "rmse": 0.7679453009734615,
    "mape": 3.62520837816052
  },
  "VNZ": {
    "rmse": 11.298978128412308,
    "mape": 2.173721600409398
  }
}